{
    "scales": [
        {
            "scale": "Scale 1",
            "minimum_altitude": 1800,
            "maximum_altitude": 2100,
            "initial_production_week": 16,
            "production_start_days": 112,
            "yield_per_plant_during_cycle": 20,
            "production_weeks": 40,
            "week_data": [
                0.240,
                0.240,
                0.240,
                0.240,
                0.500,
                0.500,
                0.500,
                0.500,
                0.900,
                0.900,
                0.900,
                0.900,
                0.850,
                0.850,
                0.850,
                0.850,
                0.700,
                0.700,
                0.700,
                0.700,
                0.600,
                0.600,
                0.600,
                0.600,
                0.440,
                0.440,
                0.440,
                0.440,
                0.350,
                0.350,
                0.350,
                0.350,
                0.260,
                0.260,
                0.260,
                0.260,
                0.160,
                0.160,
                0.160,
                0.160,
                0.160,
                0,
                0,
                0,
                0,
                0,
                0,
                0,
                0,
                0,
                0,
                0,
                0,
                0,
                0,
                0,
                0,
                0,
                0,
                0,
                0,
                0,
                0,
                0,
                0,
                0,
                0,
                0,
                0,
                0,
                0,
                0,
                0,
                0,
                0,
                0,
                0,
                0,
                0,
                0
            ]
        },
        {
            "scale": "Scale 2",
            "minimum_altitude": 2101,
            "maximum_altitude": 2400,
            "initial_production_week": 20,
            "production_start_days": 140,
            "yield_per_plant_during_cycle": 20,
            "production_weeks": 45,
            "week_data": [
                0.230547550432276,
                0.230547550432276,
                0.230547550432276,
                0.230547550432276,
                0.480307396733909,
                0.480307396733909,
                0.480307396733909,
                0.480307396733909,
                0.864553314121036,
                0.864553314121036,
                0.864553314121036,
                0.864553314121036,
                0.768491834774255,
                0.768491834774255,
                0.768491834774255,
                0.768491834774255,
                0.624399615754082,
                0.624399615754082,
                0.624399615754082,
                0.624399615754082,
                0.537944284341978,
                0.537944284341978,
                0.537944284341978,
                0.537944284341978,
                0.42267050912584,
                0.42267050912584,
                0.42267050912584,
                0.42267050912584,
                0.326609029779058,
                0.326609029779058,
                0.326609029779058,
                0.326609029779058,
                0.259365994236311,
                0.259365994236311,
                0.259365994236311,
                0.259365994236311,
                0.163304514889529,
                0.163304514889529,
                0.163304514889529,
                0.163304514889529,
                0.163304514889529,
                0.163304514889529,
                0.096061479346782,
                0.096061479346782,
                0.096061479346782,
                0.096061479346782,
                0.096061479346782,
                0.096061479346782,
                0.096061479346782,
                0.096061479346782,
                0.096061479346782,
                0.096061479346782,
                0,
                0,
                0,
                0,
                0,
                0,
                0,
                0,
                0,
                0,
                0,
                0,
                0,
                0,
                0,
                0,
                0,
                0,
                0,
                0,
                0,
                0
            ]
        },
        {
            "scale": "Scale 3",
            "minimum_altitude": 2401,
            "maximum_altitude": 2700,
            "initial_production_week": 24,
            "production_start_days": 168,
            "yield_per_plant_during_cycle": 20,
            "production_weeks": 50,
            "week_data": [
                0.020191822311964,
                0.080767289247855,
                0.080767289247855,
                0.080767289247855,
                0.121150933871782,
                0.121150933871782,
                0.121150933871782,
                0.121150933871782,
                0.252397778899546,
                0.252397778899546,
                0.252397778899546,
                0.252397778899546,
                0.252397778899546,
                0.252397778899546,
                0.454316002019182,
                0.454316002019182,
                0.454316002019182,
                0.454316002019182,
                0.454316002019182,
                0.454316002019182,
                0.328117112569409,
                0.328117112569409,
                0.328117112569409,
                0.328117112569409,
                0.328117112569409,
                0.328117112569409,
                0.302877334679455,
                0.302877334679455,
                0.302877334679455,
                0.302877334679455,
                0.302877334679455,
                0.302877334679455,
                0.252397778899546,
                0.252397778899546,
                0.252397778899546,
                0.252397778899546,
                0.252397778899546,
                0.252397778899546,
                0.252397778899546,
                0.302877334679455,
                0.302877334679455,
                0.302877334679455,
                0.302877334679455,
                0.302877334679455,
                0.454316002019182,
                0.454316002019182,
                0.454316002019182,
                0.454316002019182,
                0.454316002019182,
                0.454316002019182,
                0.302877334679455,
                0.302877334679455,
                0.302877334679455,
                0.302877334679455,
                0.328117112569409,
                0.328117112569409,
                0.328117112569409,
                0.328117112569409,
                0.252397778899546,
                0.252397778899546,
                0.252397778899546,
                0.252397778899546,
                0.252397778899546,
                0.252397778899546
            ]
        }
    ]
}